{
  "duration": {
    "diff": -328.4162661008551,
    "ci_lo": -749.5577174066234,
    "ci_hi": 35.44480587639042
  },
  "cost": {
    "diff": -579.5744003049167,
    "ci_lo": -1254.265079635779,
    "ci_hi": 50.967323428717094
  }
}